<?xml version="1.0" encoding="UTF-8"?>
<project-private xmlns="http://www.netbeans.org/ns/project-private/1">
    <editor-bookmarks xmlns="http://www.netbeans.org/ns/editor-bookmarks/2" lastBookmarkId="0"/>
    <open-files xmlns="http://www.netbeans.org/ns/projectui-open-files/2">
        <group>
            <file>file:/F:/ky%209/SWP391/SWP391-Group3/src/java/dao/BookManagementDAO.java</file>
            <file>file:/F:/ky%209/SWP391/SWP391-Group3/src/java/controller/LogoutController.java</file>
            <file>file:/F:/ky%209/SWP391/SWP391-Group3/src/java/dao/interf/AdminDAOInterface.java</file>
            <file>file:/F:/ky%209/SWP391/SWP391-Group3/src/java/controller/LoginController.java</file>
            <file>file:/F:/ky%209/SWP391/SWP391-Group3/src/java/dao/interf/BookManagementDAOInterface.java</file>
            <file>file:/F:/ky%209/SWP391/SWP391-Group3/web/bookmanagerment/ListBook.jsp</file>
            <file>file:/F:/ky%209/SWP391/SWP391-Group3/src/java/dao/LoginDAO.java</file>
            <file>file:/F:/ky%209/SWP391/SWP391-Group3/src/java/dao/DBContext.java</file>
            <file>file:/F:/ky%209/SWP391/SWP391-Group3/web/bookmanagerment/HeaderManage.jsp</file>
            <file>file:/F:/ky%209/SWP391/SWP391-Group3/src/java/controller/BMListBookController.java</file>
        </group>
    </open-files>
</project-private>
